year,tipologia,delito,denuncias,resueltos
2019,Delitos y faltas contra la vida,Asesinatos,152,116
2018,Delitos y faltas contra la vida,Asesinatos,303,105
2017,Delitos y faltas contra la vida,Asesinatos,114,91
2016,Delitos y faltas contra la vida,Asesinatos,145,98
2015,Delitos y faltas contra la vida,Asesinatos,162,130
2014,Delitos y faltas contra la vida,Asesinatos,182,148
2013,Delitos y faltas contra la vida,Asesinatos,191,151
2012,Delitos y faltas contra la vida,Asesinatos,232,174
2011,Delitos y faltas contra la vida,Asesinatos,226,148
2010,Delitos y faltas contra la vida,Asesinatos,259,154
2009,Delitos y faltas contra la vida,Asesinatos,238,119
2008,Delitos y faltas contra la vida,Asesinatos,224,121
2007,Delitos y faltas contra la vida,Asesinatos,228,142
2006,Delitos y faltas contra la vida,Asesinatos,223,118
2005,Delitos y faltas contra la vida,Asesinatos,232,129
2004,Delitos y faltas contra la vida,Asesinatos,214,139
2003,Delitos y faltas contra la vida,Asesinatos,212,141
2002,Delitos y faltas contra la vida,Asesinatos,177,146
2001,Delitos y faltas contra la vida,Asesinatos,177,138
2000,Delitos y faltas contra la vida,Asesinatos,185,138
1999,Delitos y faltas contra la vida,Asesinatos,180,138
1998,Delitos y faltas contra la vida,Asesinatos,254,192
1997,Delitos y faltas contra la vida,Asesinatos,254,206
1996,Delitos y faltas contra la vida,Asesinatos,296,229
1995,Delitos y faltas contra la vida,Asesinatos,313,223
1994,Delitos y faltas contra la vida,Asesinatos,326,249
1993,Delitos y faltas contra la vida,Asesinatos,331,240
1992,Delitos y faltas contra la vida,Asesinatos,325,241
1991,Delitos y faltas contra la vida,Asesinatos,259,184
1990,Delitos y faltas contra la vida,Asesinatos,202,144
1989,Delitos y faltas contra la vida,Asesinatos,132,98
1988,Delitos y faltas contra la vida,Asesinatos,128,111
1987,Delitos y faltas contra la vida,Asesinatos,142,122
1986,Delitos y faltas contra la vida,Asesinatos,105,93
1985,Delitos y faltas contra la vida,Asesinatos,106,85
1984,Delitos y faltas contra la vida,Asesinatos,88,73
1983,Delitos y faltas contra la vida,Asesinatos,103,86
1982,Delitos y faltas contra la vida,Asesinatos,106,62
1981,Delitos y faltas contra la vida,Asesinatos,179,73
1980,Delitos y faltas contra la vida,Asesinatos,285,73
2019,Delitos y faltas contra la vida,Homicidios,363,273
2018,Delitos y faltas contra la vida,Homicidios,379,227
2017,Delitos y faltas contra la vida,Homicidios,317,278
2016,Delitos y faltas contra la vida,Homicidios,308,253
2015,Delitos y faltas contra la vida,Homicidios,362,303
2014,Delitos y faltas contra la vida,Homicidios,343,311
2013,Delitos y faltas contra la vida,Homicidios,403,348
2012,Delitos y faltas contra la vida,Homicidios,441,351
2011,Delitos y faltas contra la vida,Homicidios,512,409
2010,Delitos y faltas contra la vida,Homicidios,526,397
2009,Delitos y faltas contra la vida,Homicidios,564,369
2008,Delitos y faltas contra la vida,Homicidios,512,315
2007,Delitos y faltas contra la vida,Homicidios,486,295
2006,Delitos y faltas contra la vida,Homicidios,499,279
2005,Delitos y faltas contra la vida,Homicidios,497,343
2004,Delitos y faltas contra la vida,Homicidios,432,351
2003,Delitos y faltas contra la vida,Homicidios,423,341
2002,Delitos y faltas contra la vida,Homicidios,377,334
2001,Delitos y faltas contra la vida,Homicidios,360,306
2000,Delitos y faltas contra la vida,Homicidios,291,254
1999,Delitos y faltas contra la vida,Homicidios,381,329
1998,Delitos y faltas contra la vida,Homicidios,385,332
1997,Delitos y faltas contra la vida,Homicidios,425,385
1996,Delitos y faltas contra la vida,Homicidios,366,322
1995,Delitos y faltas contra la vida,Homicidios,394,338
1994,Delitos y faltas contra la vida,Homicidios,399,351
1993,Delitos y faltas contra la vida,Homicidios,431,377
1992,Delitos y faltas contra la vida,Homicidios,501,423
1991,Delitos y faltas contra la vida,Homicidios,473,398
1990,Delitos y faltas contra la vida,Homicidios,470,424
1989,Delitos y faltas contra la vida,Homicidios,381,321
1988,Delitos y faltas contra la vida,Homicidios,348,321
1987,Delitos y faltas contra la vida,Homicidios,348,327
1986,Delitos y faltas contra la vida,Homicidios,267,254
1985,Delitos y faltas contra la vida,Homicidios,322,297
1984,Delitos y faltas contra la vida,Homicidios,288,255
1983,Delitos y faltas contra la vida,Homicidios,213,185
1982,Delitos y faltas contra la vida,Homicidios,204,128
1981,Delitos y faltas contra la vida,Homicidios,211,132
1980,Delitos y faltas contra la vida,Homicidios,579,132
2019,Delitos y faltas contra la vida,Lesiones,3427,2986
2018,Delitos y faltas contra la vida,Lesiones,3227,2878
2017,Delitos y faltas contra la vida,Lesiones,4052,3818
2016,Delitos y faltas contra la vida,Lesiones,4828,4517
2015,Delitos y faltas contra la vida,Lesiones,5405,4901
2014,Delitos y faltas contra la vida,Lesiones,7181,6539
2013,Delitos y faltas contra la vida,Lesiones,7929,7165
2012,Delitos y faltas contra la vida,Lesiones,8991,8055
2011,Delitos y faltas contra la vida,Lesiones,10081,8122
2010,Delitos y faltas contra la vida,Lesiones,11425,8166
2009,Delitos y faltas contra la vida,Lesiones,13380,6513
2008,Delitos y faltas contra la vida,Lesiones,18284,7954
2007,Delitos y faltas contra la vida,Lesiones,18748,7868
2006,Delitos y faltas contra la vida,Lesiones,18391,8823
2005,Delitos y faltas contra la vida,Lesiones,19335,11493
2004,Delitos y faltas contra la vida,Lesiones,25033,23781
2003,Delitos y faltas contra la vida,Lesiones,24936,23461
2002,Delitos y faltas contra la vida,Lesiones,24156,22853
2001,Delitos y faltas contra la vida,Lesiones,23446,21905
2000,Delitos y faltas contra la vida,Lesiones,20046,18875
1999,Delitos y faltas contra la vida,Lesiones,18544,17333
1998,Delitos y faltas contra la vida,Lesiones,15824,14925
1997,Delitos y faltas contra la vida,Lesiones,14230,13394
1996,Delitos y faltas contra la vida,Lesiones,11617,10951
1995,Delitos y faltas contra la vida,Lesiones,10121,9538
1994,Delitos y faltas contra la vida,Lesiones,8991,8451
1993,Delitos y faltas contra la vida,Lesiones,7274,6887
1992,Delitos y faltas contra la vida,Lesiones,6747,6071
1991,Delitos y faltas contra la vida,Lesiones,5599,5281
1990,Delitos y faltas contra la vida,Lesiones,4568,4568
1989,Delitos y faltas contra la vida,Lesiones,3989,3740
1988,Delitos y faltas contra la vida,Lesiones,3536,3370
1987,Delitos y faltas contra la vida,Lesiones,3411,3281
1986,Delitos y faltas contra la vida,Lesiones,2910,2731
1985,Delitos y faltas contra la vida,Lesiones,2763,2525
1984,Delitos y faltas contra la vida,Lesiones,2341,2140
1983,Delitos y faltas contra la vida,Lesiones,1875,1622
1982,Delitos y faltas contra la vida,Lesiones,1937,1492
1981,Delitos y faltas contra la vida,Lesiones,4693,3210
1980,Delitos y faltas contra la vida,Lesiones,7716,3210
2019,Delitos y faltas contra la vida,Violaciones,975,871
2018,Delitos y faltas contra la vida,Violaciones,902,827
2017,Delitos y faltas contra la vida,Violaciones,1138,1081
2016,Delitos y faltas contra la vida,Violaciones,1300,1207
2015,Delitos y faltas contra la vida,Violaciones,1458,1338
2014,Delitos y faltas contra la vida,Violaciones,1782,1668
2013,Delitos y faltas contra la vida,Violaciones,1959,1794
2012,Delitos y faltas contra la vida,Violaciones,1925,1771
2011,Delitos y faltas contra la vida,Violaciones,1896,1677
2010,Delitos y faltas contra la vida,Violaciones,1829,1504
2009,Delitos y faltas contra la vida,Violaciones,1964,1320
2008,Delitos y faltas contra la vida,Violaciones,1936,1118
2007,Delitos y faltas contra la vida,Violaciones,1757,1015
2006,Delitos y faltas contra la vida,Violaciones,1524,939
2005,Delitos y faltas contra la vida,Violaciones,1321,938
2004,Delitos y faltas contra la vida,Violaciones,1330,1221
2003,Delitos y faltas contra la vida,Violaciones,1234,1119
2002,Delitos y faltas contra la vida,Violaciones,1348,1261
2001,Delitos y faltas contra la vida,Violaciones,1229,1147
2000,Delitos y faltas contra la vida,Violaciones,1182,1122
1999,Delitos y faltas contra la vida,Violaciones,1361,1279
1998,Delitos y faltas contra la vida,Violaciones,1249,1186
1997,Delitos y faltas contra la vida,Violaciones,1249,1183
1996,Delitos y faltas contra la vida,Violaciones,1095,1040
1995,Delitos y faltas contra la vida,Violaciones,1037,975
1994,Delitos y faltas contra la vida,Violaciones,906,839
1993,Delitos y faltas contra la vida,Violaciones,712,662
1992,Delitos y faltas contra la vida,Violaciones,527,468
1991,Delitos y faltas contra la vida,Violaciones,427,392
1990,Delitos y faltas contra la vida,Violaciones,344,344
1989,Delitos y faltas contra la vida,Violaciones,362,338
1988,Delitos y faltas contra la vida,Violaciones,284,266
1987,Delitos y faltas contra la vida,Violaciones,248,231
1986,Delitos y faltas contra la vida,Violaciones,199,175
1985,Delitos y faltas contra la vida,Violaciones,149,122
1984,Delitos y faltas contra la vida,Violaciones,139,120
1983,Delitos y faltas contra la vida,Violaciones,145,116
1982,Delitos y faltas contra la vida,Violaciones,204,139
1981,Delitos y faltas contra la vida,Violaciones,303,183
1980,Delitos y faltas contra la vida,Violaciones,669,183
2019,Delitos y faltas contra la vida,Otros delitos contra la vida,41796,41160
2018,Delitos y faltas contra la vida,Otros delitos contra la vida,27604,27237
2017,Delitos y faltas contra la vida,Otros delitos contra la vida,31241,30906
2016,Delitos y faltas contra la vida,Otros delitos contra la vida,38402,37875
2015,Delitos y faltas contra la vida,Otros delitos contra la vida,32302,31595
2014,Delitos y faltas contra la vida,Otros delitos contra la vida,37147,36007
2013,Delitos y faltas contra la vida,Otros delitos contra la vida,42052,40273
2012,Delitos y faltas contra la vida,Otros delitos contra la vida,52005,49050
2011,Delitos y faltas contra la vida,Otros delitos contra la vida,54439,45712
2010,Delitos y faltas contra la vida,Otros delitos contra la vida,54408,35819
2009,Delitos y faltas contra la vida,Otros delitos contra la vida,50576,40307
2008,Delitos y faltas contra la vida,Otros delitos contra la vida,41497,30758
2007,Delitos y faltas contra la vida,Otros delitos contra la vida,37307,28595
2006,Delitos y faltas contra la vida,Otros delitos contra la vida,28336,21669
2005,Delitos y faltas contra la vida,Otros delitos contra la vida,20630,14357
2004,Delitos y faltas contra la vida,Otros delitos contra la vida,16879,16491
2003,Delitos y faltas contra la vida,Otros delitos contra la vida,7156,6853
2002,Delitos y faltas contra la vida,Otros delitos contra la vida,7461,7243
2001,Delitos y faltas contra la vida,Otros delitos contra la vida,6799,6518
2000,Delitos y faltas contra la vida,Otros delitos contra la vida,4842,4595
1999,Delitos y faltas contra la vida,Otros delitos contra la vida,9358,8873
1998,Delitos y faltas contra la vida,Otros delitos contra la vida,8092,7684
1997,Delitos y faltas contra la vida,Otros delitos contra la vida,7666,7137
1996,Delitos y faltas contra la vida,Otros delitos contra la vida,6447,5957
1995,Delitos y faltas contra la vida,Otros delitos contra la vida,6069,5619
1994,Delitos y faltas contra la vida,Otros delitos contra la vida,4878,4563
1993,Delitos y faltas contra la vida,Otros delitos contra la vida,4341,4046
1992,Delitos y faltas contra la vida,Otros delitos contra la vida,3972,3611
1991,Delitos y faltas contra la vida,Otros delitos contra la vida,2634,2499
1990,Delitos y faltas contra la vida,Otros delitos contra la vida,1756,1301
1989,Delitos y faltas contra la vida,Otros delitos contra la vida,1480,1426
1988,Delitos y faltas contra la vida,Otros delitos contra la vida,1345,1309
1987,Delitos y faltas contra la vida,Otros delitos contra la vida,1334,1227
1986,Delitos y faltas contra la vida,Otros delitos contra la vida,1151,1065
1985,Delitos y faltas contra la vida,Otros delitos contra la vida,1217,1080
1984,Delitos y faltas contra la vida,Otros delitos contra la vida,729,663
1983,Delitos y faltas contra la vida,Otros delitos contra la vida,477,451
1982,Delitos y faltas contra la vida,Otros delitos contra la vida,673,519
1981,Delitos y faltas contra la vida,Otros delitos contra la vida,1623,1178
1980,Delitos y faltas contra la vida,Otros delitos contra la vida,4068,1178
2019,Delitos y faltas contra el patrimonio y el orden socioeconómico,Robo con fuerza,4161,1404
2018,Delitos y faltas contra el patrimonio y el orden socioeconómico,Robo con fuerza,2914,1166
2017,Delitos y faltas contra el patrimonio y el orden socioeconómico,Robo con fuerza,3938,1456
2016,Delitos y faltas contra el patrimonio y el orden socioeconómico,Robo con fuerza,4495,1638
2015,Delitos y faltas contra el patrimonio y el orden socioeconómico,Robo con fuerza,4179,1562
2014,Delitos y faltas contra el patrimonio y el orden socioeconómico,Robo con fuerza,5128,1966
2013,Delitos y faltas contra el patrimonio y el orden socioeconómico,Robo con fuerza,7033,2185
2012,Delitos y faltas contra el patrimonio y el orden socioeconómico,Robo con fuerza,7987,2653
2011,Delitos y faltas contra el patrimonio y el orden socioeconómico,Robo con fuerza,10924,3014
2010,Delitos y faltas contra el patrimonio y el orden socioeconómico,Robo con fuerza,13415,3210
2009,Delitos y faltas contra el patrimonio y el orden socioeconómico,Robo con fuerza,15703,3084
2008,Delitos y faltas contra el patrimonio y el orden socioeconómico,Robo con fuerza,18066,2736
2007,Delitos y faltas contra el patrimonio y el orden socioeconómico,Robo con fuerza,16138,2639
2006,Delitos y faltas contra el patrimonio y el orden socioeconómico,Robo con fuerza,13757,2503
2005,Delitos y faltas contra el patrimonio y el orden socioeconómico,Robo con fuerza,11900,2713
2004,Delitos y faltas contra el patrimonio y el orden socioeconómico,Robo con fuerza,12163,3096
2003,Delitos y faltas contra el patrimonio y el orden socioeconómico,Robo con fuerza,12271,3102
2002,Delitos y faltas contra el patrimonio y el orden socioeconómico,Robo con fuerza,12156,3841
2001,Delitos y faltas contra el patrimonio y el orden socioeconómico,Robo con fuerza,11548,3753
2000,Delitos y faltas contra el patrimonio y el orden socioeconómico,Robo con fuerza,10621,3333
1999,Delitos y faltas contra el patrimonio y el orden socioeconómico,Robo con fuerza,10484,3637
1998,Delitos y faltas contra el patrimonio y el orden socioeconómico,Robo con fuerza,9805,3558
1997,Delitos y faltas contra el patrimonio y el orden socioeconómico,Robo con fuerza,10061,3401
1996,Delitos y faltas contra el patrimonio y el orden socioeconómico,Robo con fuerza,8990,2981
1995,Delitos y faltas contra el patrimonio y el orden socioeconómico,Robo con fuerza,7775,2565
1994,Delitos y faltas contra el patrimonio y el orden socioeconómico,Robo con fuerza,8067,2650
1993,Delitos y faltas contra el patrimonio y el orden socioeconómico,Robo con fuerza,8112,2425
1992,Delitos y faltas contra el patrimonio y el orden socioeconómico,Robo con fuerza,6754,2029
1991,Delitos y faltas contra el patrimonio y el orden socioeconómico,Robo con fuerza,6423,2098
1990,Delitos y faltas contra el patrimonio y el orden socioeconómico,Robo con fuerza,7209,2545
1989,Delitos y faltas contra el patrimonio y el orden socioeconómico,Robo con fuerza,7281,3181
1988,Delitos y faltas contra el patrimonio y el orden socioeconómico,Robo con fuerza,6296,3208
1987,Delitos y faltas contra el patrimonio y el orden socioeconómico,Robo con fuerza,4574,2201
1986,Delitos y faltas contra el patrimonio y el orden socioeconómico,Robo con fuerza,3900,2059
1985,Delitos y faltas contra el patrimonio y el orden socioeconómico,Robo con fuerza,3636,1609
1984,Delitos y faltas contra el patrimonio y el orden socioeconómico,Robo con fuerza,2405,1094
1983,Delitos y faltas contra el patrimonio y el orden socioeconómico,Robo con fuerza,1903,890
1982,Delitos y faltas contra el patrimonio y el orden socioeconómico,Robo con fuerza,2271,702
1981,Delitos y faltas contra el patrimonio y el orden socioeconómico,Robo con fuerza,3940,1299
1980,Delitos y faltas contra el patrimonio y el orden socioeconómico,Robo con fuerza,9972,1299
2019,Delitos y faltas contra el patrimonio y el orden socioeconómico,Robo con violencia,2659,1546
2018,Delitos y faltas contra el patrimonio y el orden socioeconómico,Robo con violencia,1959,1435
2017,Delitos y faltas contra el patrimonio y el orden socioeconómico,Robo con violencia,2360,1846
2016,Delitos y faltas contra el patrimonio y el orden socioeconómico,Robo con violencia,2341,1760
2015,Delitos y faltas contra el patrimonio y el orden socioeconómico,Robo con violencia,2058,1569
2014,Delitos y faltas contra el patrimonio y el orden socioeconómico,Robo con violencia,2538,1927
2013,Delitos y faltas contra el patrimonio y el orden socioeconómico,Robo con violencia,3048,2164
2012,Delitos y faltas contra el patrimonio y el orden socioeconómico,Robo con violencia,3573,2503
2011,Delitos y faltas contra el patrimonio y el orden socioeconómico,Robo con violencia,4198,2519
2010,Delitos y faltas contra el patrimonio y el orden socioeconómico,Robo con violencia,4880,2468
2009,Delitos y faltas contra el patrimonio y el orden socioeconómico,Robo con violencia,5622,2148
2008,Delitos y faltas contra el patrimonio y el orden socioeconómico,Robo con violencia,5411,1729
2007,Delitos y faltas contra el patrimonio y el orden socioeconómico,Robo con violencia,4885,1543
2006,Delitos y faltas contra el patrimonio y el orden socioeconómico,Robo con violencia,4854,1650
2005,Delitos y faltas contra el patrimonio y el orden socioeconómico,Robo con violencia,4287,1909
2004,Delitos y faltas contra el patrimonio y el orden socioeconómico,Robo con violencia,4414,2450
2003,Delitos y faltas contra el patrimonio y el orden socioeconómico,Robo con violencia,4643,2292
2002,Delitos y faltas contra el patrimonio y el orden socioeconómico,Robo con violencia,4579,2729
2001,Delitos y faltas contra el patrimonio y el orden socioeconómico,Robo con violencia,4550,2753
2000,Delitos y faltas contra el patrimonio y el orden socioeconómico,Robo con violencia,3855,2414
1999,Delitos y faltas contra el patrimonio y el orden socioeconómico,Robo con violencia,3510,2142
1998,Delitos y faltas contra el patrimonio y el orden socioeconómico,Robo con violencia,3074,1856
1997,Delitos y faltas contra el patrimonio y el orden socioeconómico,Robo con violencia,2786,1613
1996,Delitos y faltas contra el patrimonio y el orden socioeconómico,Robo con violencia,2400,1349
1995,Delitos y faltas contra el patrimonio y el orden socioeconómico,Robo con violencia,2020,1171
1994,Delitos y faltas contra el patrimonio y el orden socioeconómico,Robo con violencia,1859,1147
1993,Delitos y faltas contra el patrimonio y el orden socioeconómico,Robo con violencia,1580,1012
1992,Delitos y faltas contra el patrimonio y el orden socioeconómico,Robo con violencia,1294,806
1991,Delitos y faltas contra el patrimonio y el orden socioeconómico,Robo con violencia,1180,857
1990,Delitos y faltas contra el patrimonio y el orden socioeconómico,Robo con violencia,966,572
1989,Delitos y faltas contra el patrimonio y el orden socioeconómico,Robo con violencia,383,
1988,Delitos y faltas contra el patrimonio y el orden socioeconómico,Robo con violencia,452,
1987,Delitos y faltas contra el patrimonio y el orden socioeconómico,Robo con violencia,391,
1986,Delitos y faltas contra el patrimonio y el orden socioeconómico,Robo con violencia,205,
1985,Delitos y faltas contra el patrimonio y el orden socioeconómico,Robo con violencia,191,
1984,Delitos y faltas contra el patrimonio y el orden socioeconómico,Robo con violencia,126,
1983,Delitos y faltas contra el patrimonio y el orden socioeconómico,Robo con violencia,100,
1982,Delitos y faltas contra el patrimonio y el orden socioeconómico,Robo con violencia,119,
1981,Delitos y faltas contra el patrimonio y el orden socioeconómico,Robo con violencia,207,
1980,Delitos y faltas contra el patrimonio y el orden socioeconómico,Robo con violencia,525,
2019,Delitos y faltas contra el patrimonio y el orden socioeconómico,Robo con intimidación,4585,2355
2018,Delitos y faltas contra el patrimonio y el orden socioeconómico,Robo con intimidación,3984,2287
2017,Delitos y faltas contra el patrimonio y el orden socioeconómico,Robo con intimidación,3056,2079
2016,Delitos y faltas contra el patrimonio y el orden socioeconómico,Robo con intimidación,4270,2862
2015,Delitos y faltas contra el patrimonio y el orden socioeconómico,Robo con intimidación,3794,2483
2014,Delitos y faltas contra el patrimonio y el orden socioeconómico,Robo con intimidación,4062,2798
2013,Delitos y faltas contra el patrimonio y el orden socioeconómico,Robo con intimidación,4912,3050
2012,Delitos y faltas contra el patrimonio y el orden socioeconómico,Robo con intimidación,5429,3350
2011,Delitos y faltas contra el patrimonio y el orden socioeconómico,Robo con intimidación,7871,3790
2010,Delitos y faltas contra el patrimonio y el orden socioeconómico,Robo con intimidación,10134,4006
2009,Delitos y faltas contra el patrimonio y el orden socioeconómico,Robo con intimidación,11117,3421
2008,Delitos y faltas contra el patrimonio y el orden socioeconómico,Robo con intimidación,10029,2156
2007,Delitos y faltas contra el patrimonio y el orden socioeconómico,Robo con intimidación,6817,1561
2006,Delitos y faltas contra el patrimonio y el orden socioeconómico,Robo con intimidación,5735,1467
2005,Delitos y faltas contra el patrimonio y el orden socioeconómico,Robo con intimidación,5191,1746
2004,Delitos y faltas contra el patrimonio y el orden socioeconómico,Robo con intimidación,4751,1944
2003,Delitos y faltas contra el patrimonio y el orden socioeconómico,Robo con intimidación,4618,1620
2002,Delitos y faltas contra el patrimonio y el orden socioeconómico,Robo con intimidación,4321,2026
2001,Delitos y faltas contra el patrimonio y el orden socioeconómico,Robo con intimidación,4429,2024
2000,Delitos y faltas contra el patrimonio y el orden socioeconómico,Robo con intimidación,3444,1596
1999,Delitos y faltas contra el patrimonio y el orden socioeconómico,Robo con intimidación,3060,1479
1998,Delitos y faltas contra el patrimonio y el orden socioeconómico,Robo con intimidación,2773,1457
1997,Delitos y faltas contra el patrimonio y el orden socioeconómico,Robo con intimidación,2761,1359
1996,Delitos y faltas contra el patrimonio y el orden socioeconómico,Robo con intimidación,2849,1235
1995,Delitos y faltas contra el patrimonio y el orden socioeconómico,Robo con intimidación,2615,1377
1994,Delitos y faltas contra el patrimonio y el orden socioeconómico,Robo con intimidación,2954,1458
1993,Delitos y faltas contra el patrimonio y el orden socioeconómico,Robo con intimidación,3018,1447
1992,Delitos y faltas contra el patrimonio y el orden socioeconómico,Robo con intimidación,2350,1080
1991,Delitos y faltas contra el patrimonio y el orden socioeconómico,Robo con intimidación,1879,766
1990,Delitos y faltas contra el patrimonio y el orden socioeconómico,Robo con intimidación,1567,687
1989,Delitos y faltas contra el patrimonio y el orden socioeconómico,Robo con intimidación,839,403
1988,Delitos y faltas contra el patrimonio y el orden socioeconómico,Robo con intimidación,868,487
1987,Delitos y faltas contra el patrimonio y el orden socioeconómico,Robo con intimidación,498,276
1986,Delitos y faltas contra el patrimonio y el orden socioeconómico,Robo con intimidación,323,189
1985,Delitos y faltas contra el patrimonio y el orden socioeconómico,Robo con intimidación,64,33
1984,Delitos y faltas contra el patrimonio y el orden socioeconómico,Robo con intimidación,183,97
1983,Delitos y faltas contra el patrimonio y el orden socioeconómico,Robo con intimidación,370,194
1982,Delitos y faltas contra el patrimonio y el orden socioeconómico,Robo con intimidación,724,230
1981,Delitos y faltas contra el patrimonio y el orden socioeconómico,Robo con intimidación,1862,342
1980,Delitos y faltas contra el patrimonio y el orden socioeconómico,Robo con intimidación,2322,342
2019,Delitos y faltas contra el patrimonio y el orden socioeconómico,Hurtos,3786,2003
2018,Delitos y faltas contra el patrimonio y el orden socioeconómico,Hurtos,2856,1697
2017,Delitos y faltas contra el patrimonio y el orden socioeconómico,Hurtos,3426,2181
2016,Delitos y faltas contra el patrimonio y el orden socioeconómico,Hurtos,3919,2537
2015,Delitos y faltas contra el patrimonio y el orden socioeconómico,Hurtos,4240,2624
2014,Delitos y faltas contra el patrimonio y el orden socioeconómico,Hurtos,4950,3116
2013,Delitos y faltas contra el patrimonio y el orden socioeconómico,Hurtos,6167,3675
2012,Delitos y faltas contra el patrimonio y el orden socioeconómico,Hurtos,7141,4036
2011,Delitos y faltas contra el patrimonio y el orden socioeconómico,Hurtos,9459,4325
2010,Delitos y faltas contra el patrimonio y el orden socioeconómico,Hurtos,10453,4133
2009,Delitos y faltas contra el patrimonio y el orden socioeconómico,Hurtos,12739,3193
2008,Delitos y faltas contra el patrimonio y el orden socioeconómico,Hurtos,19888,4682
2007,Delitos y faltas contra el patrimonio y el orden socioeconómico,Hurtos,20863,5864
2006,Delitos y faltas contra el patrimonio y el orden socioeconómico,Hurtos,17474,5192
2005,Delitos y faltas contra el patrimonio y el orden socioeconómico,Hurtos,14512,5659
2004,Delitos y faltas contra el patrimonio y el orden socioeconómico,Hurtos,15440,8964
2003,Delitos y faltas contra el patrimonio y el orden socioeconómico,Hurtos,14584,8293
2002,Delitos y faltas contra el patrimonio y el orden socioeconómico,Hurtos,14150,9043
2001,Delitos y faltas contra el patrimonio y el orden socioeconómico,Hurtos,13711,8904
2000,Delitos y faltas contra el patrimonio y el orden socioeconómico,Hurtos,12147,7960
1999,Delitos y faltas contra el patrimonio y el orden socioeconómico,Hurtos,12174,8010
1998,Delitos y faltas contra el patrimonio y el orden socioeconómico,Hurtos,11575,8022
1997,Delitos y faltas contra el patrimonio y el orden socioeconómico,Hurtos,10541,7249
1996,Delitos y faltas contra el patrimonio y el orden socioeconómico,Hurtos,9300,6274
1995,Delitos y faltas contra el patrimonio y el orden socioeconómico,Hurtos,7965,5449
1994,Delitos y faltas contra el patrimonio y el orden socioeconómico,Hurtos,7655,5321
1993,Delitos y faltas contra el patrimonio y el orden socioeconómico,Hurtos,6526,4539
1992,Delitos y faltas contra el patrimonio y el orden socioeconómico,Hurtos,5232,3508
1991,Delitos y faltas contra el patrimonio y el orden socioeconómico,Hurtos,4430,3224
1990,Delitos y faltas contra el patrimonio y el orden socioeconómico,Hurtos,4570,3224
1989,Delitos y faltas contra el patrimonio y el orden socioeconómico,Hurtos,5179,3713
1988,Delitos y faltas contra el patrimonio y el orden socioeconómico,Hurtos,5103,3986
1987,Delitos y faltas contra el patrimonio y el orden socioeconómico,Hurtos,3528,2682
1986,Delitos y faltas contra el patrimonio y el orden socioeconómico,Hurtos,3661,2694
1985,Delitos y faltas contra el patrimonio y el orden socioeconómico,Hurtos,3415,2290
1984,Delitos y faltas contra el patrimonio y el orden socioeconómico,Hurtos,2242,1519
1983,Delitos y faltas contra el patrimonio y el orden socioeconómico,Hurtos,1546,999
1982,Delitos y faltas contra el patrimonio y el orden socioeconómico,Hurtos,1834,889
1981,Delitos y faltas contra el patrimonio y el orden socioeconómico,Hurtos,3645,1649
1980,Delitos y faltas contra el patrimonio y el orden socioeconómico,Hurtos,2745,1649
2019,Delitos y faltas contra el patrimonio y el orden socioeconómico,Estafas,533,336
2018,Delitos y faltas contra el patrimonio y el orden socioeconómico,Estafas,289,214
2017,Delitos y faltas contra el patrimonio y el orden socioeconómico,Estafas,455,365
2016,Delitos y faltas contra el patrimonio y el orden socioeconómico,Estafas,625,495
2015,Delitos y faltas contra el patrimonio y el orden socioeconómico,Estafas,666,541
2014,Delitos y faltas contra el patrimonio y el orden socioeconómico,Estafas,809,658
2013,Delitos y faltas contra el patrimonio y el orden socioeconómico,Estafas,1011,756
2012,Delitos y faltas contra el patrimonio y el orden socioeconómico,Estafas,1079,777
2011,Delitos y faltas contra el patrimonio y el orden socioeconómico,Estafas,1375,811
2010,Delitos y faltas contra el patrimonio y el orden socioeconómico,Estafas,1554,740
2009,Delitos y faltas contra el patrimonio y el orden socioeconómico,Estafas,2042,710
2008,Delitos y faltas contra el patrimonio y el orden socioeconómico,Estafas,2738,819
2007,Delitos y faltas contra el patrimonio y el orden socioeconómico,Estafas,2898,971
2006,Delitos y faltas contra el patrimonio y el orden socioeconómico,Estafas,2749,1062
2005,Delitos y faltas contra el patrimonio y el orden socioeconómico,Estafas,2357,1005
2004,Delitos y faltas contra el patrimonio y el orden socioeconómico,Estafas,1998,1298
2003,Delitos y faltas contra el patrimonio y el orden socioeconómico,Estafas,1989,1298
2002,Delitos y faltas contra el patrimonio y el orden socioeconómico,Estafas,2105,1469
2001,Delitos y faltas contra el patrimonio y el orden socioeconómico,Estafas,2339,1561
2000,Delitos y faltas contra el patrimonio y el orden socioeconómico,Estafas,2296,1569
1999,Delitos y faltas contra el patrimonio y el orden socioeconómico,Estafas,2287,1635
1998,Delitos y faltas contra el patrimonio y el orden socioeconómico,Estafas,2184,1616
1997,Delitos y faltas contra el patrimonio y el orden socioeconómico,Estafas,2064,1555
1996,Delitos y faltas contra el patrimonio y el orden socioeconómico,Estafas,1972,1441
1995,Delitos y faltas contra el patrimonio y el orden socioeconómico,Estafas,1931,1412
1994,Delitos y faltas contra el patrimonio y el orden socioeconómico,Estafas,1864,1453
1993,Delitos y faltas contra el patrimonio y el orden socioeconómico,Estafas,1752,1327
1992,Delitos y faltas contra el patrimonio y el orden socioeconómico,Estafas,1755,1310
1991,Delitos y faltas contra el patrimonio y el orden socioeconómico,Estafas,1339,1117
1990,Delitos y faltas contra el patrimonio y el orden socioeconómico,Estafas,848,671
1989,Delitos y faltas contra el patrimonio y el orden socioeconómico,Estafas,1068,861
1988,Delitos y faltas contra el patrimonio y el orden socioeconómico,Estafas,936,782
1987,Delitos y faltas contra el patrimonio y el orden socioeconómico,Estafas,793,682
1986,Delitos y faltas contra el patrimonio y el orden socioeconómico,Estafas,698,556
1985,Delitos y faltas contra el patrimonio y el orden socioeconómico,Estafas,450,381
1984,Delitos y faltas contra el patrimonio y el orden socioeconómico,Estafas,453,333
1983,Delitos y faltas contra el patrimonio y el orden socioeconómico,Estafas,389,287
1982,Delitos y faltas contra el patrimonio y el orden socioeconómico,Estafas,300,211
1981,Delitos y faltas contra el patrimonio y el orden socioeconómico,Estafas,1987,997
1980,Delitos y faltas contra el patrimonio y el orden socioeconómico,Estafas,1958,997
2019,Delitos y faltas contra el patrimonio y el orden socioeconómico,Abigeatos,1073,501
2018,Delitos y faltas contra el patrimonio y el orden socioeconómico,Abigeatos,904,454
2017,Delitos y faltas contra el patrimonio y el orden socioeconómico,Abigeatos,1126,626
2016,Delitos y faltas contra el patrimonio y el orden socioeconómico,Abigeatos,1371,735
2015,Delitos y faltas contra el patrimonio y el orden socioeconómico,Abigeatos,1837,1006
2014,Delitos y faltas contra el patrimonio y el orden socioeconómico,Abigeatos,2092,1081
2013,Delitos y faltas contra el patrimonio y el orden socioeconómico,Abigeatos,2570,1254
2012,Delitos y faltas contra el patrimonio y el orden socioeconómico,Abigeatos,2671,1130
2011,Delitos y faltas contra el patrimonio y el orden socioeconómico,Abigeatos,3229,1229
2010,Delitos y faltas contra el patrimonio y el orden socioeconómico,Abigeatos,3636,1124
2009,Delitos y faltas contra el patrimonio y el orden socioeconómico,Abigeatos,4310,964
2008,Delitos y faltas contra el patrimonio y el orden socioeconómico,Abigeatos,4365,773
2007,Delitos y faltas contra el patrimonio y el orden socioeconómico,Abigeatos,3894,872
2006,Delitos y faltas contra el patrimonio y el orden socioeconómico,Abigeatos,3787,888
2005,Delitos y faltas contra el patrimonio y el orden socioeconómico,Abigeatos,3884,1081
2004,Delitos y faltas contra el patrimonio y el orden socioeconómico,Abigeatos,3464,1069
2003,Delitos y faltas contra el patrimonio y el orden socioeconómico,Abigeatos,3110,1128
2002,Delitos y faltas contra el patrimonio y el orden socioeconómico,Abigeatos,3313,1488
2001,Delitos y faltas contra el patrimonio y el orden socioeconómico,Abigeatos,3218,1404
2000,Delitos y faltas contra el patrimonio y el orden socioeconómico,Abigeatos,2760,1243
1999,Delitos y faltas contra el patrimonio y el orden socioeconómico,Abigeatos,3082,1568
1998,Delitos y faltas contra el patrimonio y el orden socioeconómico,Abigeatos,3405,1706
1997,Delitos y faltas contra el patrimonio y el orden socioeconómico,Abigeatos,3652,1778
1996,Delitos y faltas contra el patrimonio y el orden socioeconómico,Abigeatos,3538,1766
1995,Delitos y faltas contra el patrimonio y el orden socioeconómico,Abigeatos,3395,1895
1994,Delitos y faltas contra el patrimonio y el orden socioeconómico,Abigeatos,4249,2246
1993,Delitos y faltas contra el patrimonio y el orden socioeconómico,Abigeatos,4200,2121
1992,Delitos y faltas contra el patrimonio y el orden socioeconómico,Abigeatos,3367,1800
1991,Delitos y faltas contra el patrimonio y el orden socioeconómico,Abigeatos,3819,2169
1990,Delitos y faltas contra el patrimonio y el orden socioeconómico,Abigeatos,3566,2058
1989,Delitos y faltas contra el patrimonio y el orden socioeconómico,Abigeatos,2835,1662
1988,Delitos y faltas contra el patrimonio y el orden socioeconómico,Abigeatos,2293,1590
1987,Delitos y faltas contra el patrimonio y el orden socioeconómico,Abigeatos,1570,1031
1986,Delitos y faltas contra el patrimonio y el orden socioeconómico,Abigeatos,1012,849
1985,Delitos y faltas contra el patrimonio y el orden socioeconómico,Abigeatos,575,468
1984,Delitos y faltas contra el patrimonio y el orden socioeconómico,Abigeatos,283,227
1983,Delitos y faltas contra el patrimonio y el orden socioeconómico,Abigeatos,391,251
1982,Delitos y faltas contra el patrimonio y el orden socioeconómico,Abigeatos,457,243
1981,Delitos y faltas contra el patrimonio y el orden socioeconómico,Abigeatos,660,280
1980,Delitos y faltas contra el patrimonio y el orden socioeconómico,Abigeatos,555,280
2019,Delitos y faltas contra el patrimonio y el orden socioeconómico,Otros contra el patrimonio,15791,14729
2018,Delitos y faltas contra el patrimonio y el orden socioeconómico,Otros contra el patrimonio,9242,8784
2017,Delitos y faltas contra el patrimonio y el orden socioeconómico,Otros contra el patrimonio,10160,9735
2016,Delitos y faltas contra el patrimonio y el orden socioeconómico,Otros contra el patrimonio,12192,11700
2015,Delitos y faltas contra el patrimonio y el orden socioeconómico,Otros contra el patrimonio,11591,10698
2014,Delitos y faltas contra el patrimonio y el orden socioeconómico,Otros contra el patrimonio,13765,12537
2013,Delitos y faltas contra el patrimonio y el orden socioeconómico,Otros contra el patrimonio,16124,14350
2012,Delitos y faltas contra el patrimonio y el orden socioeconómico,Otros contra el patrimonio,18629,15634
2011,Delitos y faltas contra el patrimonio y el orden socioeconómico,Otros contra el patrimonio,21826,15910
2010,Delitos y faltas contra el patrimonio y el orden socioeconómico,Otros contra el patrimonio,23641,13717
2009,Delitos y faltas contra el patrimonio y el orden socioeconómico,Otros contra el patrimonio,19940,10458
2008,Delitos y faltas contra el patrimonio y el orden socioeconómico,Otros contra el patrimonio,11739,4743
2007,Delitos y faltas contra el patrimonio y el orden socioeconómico,Otros contra el patrimonio,9045,3576
2006,Delitos y faltas contra el patrimonio y el orden socioeconómico,Otros contra el patrimonio,8197,3830
2005,Delitos y faltas contra el patrimonio y el orden socioeconómico,Otros contra el patrimonio,7253,3922
2004,Delitos y faltas contra el patrimonio y el orden socioeconómico,Otros contra el patrimonio,7349,6322
2003,Delitos y faltas contra el patrimonio y el orden socioeconómico,Otros contra el patrimonio,6831,5532
2002,Delitos y faltas contra el patrimonio y el orden socioeconómico,Otros contra el patrimonio,6433,5145
2001,Delitos y faltas contra el patrimonio y el orden socioeconómico,Otros contra el patrimonio,6728,5309
2000,Delitos y faltas contra el patrimonio y el orden socioeconómico,Otros contra el patrimonio,5476,4344
1999,Delitos y faltas contra el patrimonio y el orden socioeconómico,Otros contra el patrimonio,4819,3709
1998,Delitos y faltas contra el patrimonio y el orden socioeconómico,Otros contra el patrimonio,4198,3359
1997,Delitos y faltas contra el patrimonio y el orden socioeconómico,Otros contra el patrimonio,3879,3178
1996,Delitos y faltas contra el patrimonio y el orden socioeconómico,Otros contra el patrimonio,3134,2586
1995,Delitos y faltas contra el patrimonio y el orden socioeconómico,Otros contra el patrimonio,2976,2477
1994,Delitos y faltas contra el patrimonio y el orden socioeconómico,Otros contra el patrimonio,2537,2077
1993,Delitos y faltas contra el patrimonio y el orden socioeconómico,Otros contra el patrimonio,2023,1729
1992,Delitos y faltas contra el patrimonio y el orden socioeconómico,Otros contra el patrimonio,1839,1466
1991,Delitos y faltas contra el patrimonio y el orden socioeconómico,Otros contra el patrimonio,1311,1123
1990,Delitos y faltas contra el patrimonio y el orden socioeconómico,Otros contra el patrimonio,1235,1072
1989,Delitos y faltas contra el patrimonio y el orden socioeconómico,Otros contra el patrimonio,971,865
1988,Delitos y faltas contra el patrimonio y el orden socioeconómico,Otros contra el patrimonio,900,777
1987,Delitos y faltas contra el patrimonio y el orden socioeconómico,Otros contra el patrimonio,1274,921
1986,Delitos y faltas contra el patrimonio y el orden socioeconómico,Otros contra el patrimonio,657,524
1985,Delitos y faltas contra el patrimonio y el orden socioeconómico,Otros contra el patrimonio,763,582
1984,Delitos y faltas contra el patrimonio y el orden socioeconómico,Otros contra el patrimonio,317,263
1983,Delitos y faltas contra el patrimonio y el orden socioeconómico,Otros contra el patrimonio,224,114
1982,Delitos y faltas contra el patrimonio y el orden socioeconómico,Otros contra el patrimonio,589,337
1981,Delitos y faltas contra el patrimonio y el orden socioeconómico,Otros contra el patrimonio,725,636
1980,Delitos y faltas contra el patrimonio y el orden socioeconómico,Otros contra el patrimonio,3136,636
2019,Delitos relacionados con estupefacientes psicotrópicos y otras,Delitos relacionados con estupefacientes psicotrópicos y otras,3314,3288
2018,Delitos relacionados con estupefacientes psicotrópicos y otras,Delitos relacionados con estupefacientes psicotrópicos y otras,2271,2244
2017,Delitos relacionados con estupefacientes psicotrópicos y otras,Delitos relacionados con estupefacientes psicotrópicos y otras,3344,3329
2016,Delitos relacionados con estupefacientes psicotrópicos y otras,Delitos relacionados con estupefacientes psicotrópicos y otras,4615,4604
2015,Delitos relacionados con estupefacientes psicotrópicos y otras,Delitos relacionados con estupefacientes psicotrópicos y otras,4014,3994
2014,Delitos relacionados con estupefacientes psicotrópicos y otras,Delitos relacionados con estupefacientes psicotrópicos y otras,3790,3768
2013,Delitos relacionados con estupefacientes psicotrópicos y otras,Delitos relacionados con estupefacientes psicotrópicos y otras,3573,3538
2012,Delitos relacionados con estupefacientes psicotrópicos y otras,Delitos relacionados con estupefacientes psicotrópicos y otras,3303,3234
2011,Delitos relacionados con estupefacientes psicotrópicos y otras,Delitos relacionados con estupefacientes psicotrópicos y otras,3005,2773
2010,Delitos relacionados con estupefacientes psicotrópicos y otras,Delitos relacionados con estupefacientes psicotrópicos y otras,2542,2188
2009,Delitos relacionados con estupefacientes psicotrópicos y otras,Delitos relacionados con estupefacientes psicotrópicos y otras,2078,1767
2008,Delitos relacionados con estupefacientes psicotrópicos y otras,Delitos relacionados con estupefacientes psicotrópicos y otras,1698,1505
2007,Delitos relacionados con estupefacientes psicotrópicos y otras,Delitos relacionados con estupefacientes psicotrópicos y otras,1604,1456
2006,Delitos relacionados con estupefacientes psicotrópicos y otras,Delitos relacionados con estupefacientes psicotrópicos y otras,1620,1476
2005,Delitos relacionados con estupefacientes psicotrópicos y otras,Delitos relacionados con estupefacientes psicotrópicos y otras,1323,1239
2004,Delitos relacionados con estupefacientes psicotrópicos y otras,Delitos relacionados con estupefacientes psicotrópicos y otras,1627,1618
2003,Delitos relacionados con estupefacientes psicotrópicos y otras,Delitos relacionados con estupefacientes psicotrópicos y otras,1243,1235
2002,Delitos relacionados con estupefacientes psicotrópicos y otras,Delitos relacionados con estupefacientes psicotrópicos y otras,1382,1380
2001,Delitos relacionados con estupefacientes psicotrópicos y otras,Delitos relacionados con estupefacientes psicotrópicos y otras,1222,1205
2000,Delitos relacionados con estupefacientes psicotrópicos y otras,Delitos relacionados con estupefacientes psicotrópicos y otras,994,991
1999,Delitos relacionados con estupefacientes psicotrópicos y otras,Delitos relacionados con estupefacientes psicotrópicos y otras,1175,1168
1998,Delitos relacionados con estupefacientes psicotrópicos y otras,Delitos relacionados con estupefacientes psicotrópicos y otras,1095,1094
1997,Delitos relacionados con estupefacientes psicotrópicos y otras,Delitos relacionados con estupefacientes psicotrópicos y otras,1004,999
1996,Delitos relacionados con estupefacientes psicotrópicos y otras,Delitos relacionados con estupefacientes psicotrópicos y otras,1088,1087
1995,Delitos relacionados con estupefacientes psicotrópicos y otras,Delitos relacionados con estupefacientes psicotrópicos y otras,716,716
1994,Delitos relacionados con estupefacientes psicotrópicos y otras,Delitos relacionados con estupefacientes psicotrópicos y otras,986,985
1993,Delitos relacionados con estupefacientes psicotrópicos y otras,Delitos relacionados con estupefacientes psicotrópicos y otras,965,963
1992,Delitos relacionados con estupefacientes psicotrópicos y otras,Delitos relacionados con estupefacientes psicotrópicos y otras,500,495
1991,Delitos relacionados con estupefacientes psicotrópicos y otras,Delitos relacionados con estupefacientes psicotrópicos y otras,485,480
1990,Delitos relacionados con estupefacientes psicotrópicos y otras,Delitos relacionados con estupefacientes psicotrópicos y otras,245,239
1989,Delitos relacionados con estupefacientes psicotrópicos y otras,Delitos relacionados con estupefacientes psicotrópicos y otras,273,267
1988,Delitos relacionados con estupefacientes psicotrópicos y otras,Delitos relacionados con estupefacientes psicotrópicos y otras,247,246
1987,Delitos relacionados con estupefacientes psicotrópicos y otras,Delitos relacionados con estupefacientes psicotrópicos y otras,146,138
1986,Delitos relacionados con estupefacientes psicotrópicos y otras,Delitos relacionados con estupefacientes psicotrópicos y otras,227,218
1985,Delitos relacionados con estupefacientes psicotrópicos y otras,Delitos relacionados con estupefacientes psicotrópicos y otras,515,492
1984,Delitos relacionados con estupefacientes psicotrópicos y otras,Delitos relacionados con estupefacientes psicotrópicos y otras,248,232
1983,Delitos relacionados con estupefacientes psicotrópicos y otras,Delitos relacionados con estupefacientes psicotrópicos y otras,267,244
1982,Delitos relacionados con estupefacientes psicotrópicos y otras,Delitos relacionados con estupefacientes psicotrópicos y otras,226,156
1981,Delitos relacionados con estupefacientes psicotrópicos y otras,Delitos relacionados con estupefacientes psicotrópicos y otras,190,87
1980,Delitos relacionados con estupefacientes psicotrópicos y otras,Delitos relacionados con estupefacientes psicotrópicos y otras,150,87
2019,Otras familias y otras faltas,Otras familias y otras faltas,15033,14418
2018,Otras familias y otras faltas,Otras familias y otras faltas,13687,13272
2017,Otras familias y otras faltas,Otras familias y otras faltas,15365,15078
2016,Otras familias y otras faltas,Otras familias y otras faltas,18278,17869
2015,Otras familias y otras faltas,Otras familias y otras faltas,21858,21191
2014,Otras familias y otras faltas,Otras familias y otras faltas,27276,26352
2013,Otras familias y otras faltas,Otras familias y otras faltas,27763,26293
2012,Otras familias y otras faltas,Otras familias y otras faltas,23023,21454
2011,Otras familias y otras faltas,Otras familias y otras faltas,22233,19241
2010,Otras familias y otras faltas,Otras familias y otras faltas,23055,18126
2009,Otras familias y otras faltas,Otras familias y otras faltas,24617,15108
2008,Otras familias y otras faltas,Otras familias y otras faltas,18286,8728
2007,Otras familias y otras faltas,Otras familias y otras faltas,14648,7333
2006,Otras familias y otras faltas,Otras familias y otras faltas,13316,7774
2005,Otras familias y otras faltas,Otras familias y otras faltas,11381,7481
2004,Otras familias y otras faltas,Otras familias y otras faltas,13889,13468
2003,Otras familias y otras faltas,Otras familias y otras faltas,14250,13738
2002,Otras familias y otras faltas,Otras familias y otras faltas,11539,11107
2001,Otras familias y otras faltas,Otras familias y otras faltas,10389,9863
2000,Otras familias y otras faltas,Otras familias y otras faltas,7602,7252
1999,Otras familias y otras faltas,Otras familias y otras faltas,2493,2340
1998,Otras familias y otras faltas,Otras familias y otras faltas,2127,1963
1997,Otras familias y otras faltas,Otras familias y otras faltas,2056,1889
1996,Otras familias y otras faltas,Otras familias y otras faltas,1891,1706
1995,Otras familias y otras faltas,Otras familias y otras faltas,1410,1211
1994,Otras familias y otras faltas,Otras familias y otras faltas,1502,1381
1993,Otras familias y otras faltas,Otras familias y otras faltas,1129,1034
1992,Otras familias y otras faltas,Otras familias y otras faltas,761,674
1991,Otras familias y otras faltas,Otras familias y otras faltas,638,571
1990,Otras familias y otras faltas,Otras familias y otras faltas,459,423
1989,Otras familias y otras faltas,Otras familias y otras faltas,1004,914
1988,Otras familias y otras faltas,Otras familias y otras faltas,1609,1558
1987,Otras familias y otras faltas,Otras familias y otras faltas,1628,1108
1986,Otras familias y otras faltas,Otras familias y otras faltas,1063,999
1985,Otras familias y otras faltas,Otras familias y otras faltas,1023,962
1984,Otras familias y otras faltas,Otras familias y otras faltas,645,554
1983,Otras familias y otras faltas,Otras familias y otras faltas,519,400
1982,Otras familias y otras faltas,Otras familias y otras faltas,705,383
1981,Otras familias y otras faltas,Otras familias y otras faltas,2329,1579
1980,Otras familias y otras faltas,Otras familias y otras faltas,4101,1579
